;width;height;cost;error;Concrete;Longitudinal bar;Transversal bar
1;50;50;-1,0;Too much steel needed in x=128.6051109009009, area needed is 20.007986345869778cmˆ2, but the maximum is 20.0cmˆ2;;;
2;50;52;-1,0;Too much steel needed in x=143.61912435435437, area needed is 20.808693595222735cmˆ2, but the maximum is 20.8cmˆ2;;;
3;50;54;-1,0;Too much steel needed in x=162.6371416516517, area needed is 21.60234349881041cmˆ2, but the maximum is 21.6cmˆ2;;;
4;50;56;-1,0;Too much steel needed in x=193.16667000000004, area needed is 22.402137111195216cmˆ2, but the maximum is 22.400000000000002cmˆ2;;;
5;50;58;1032,7066663757464;;512,28;365,82;154,6
6;50;60;1052,0787529378213;;529,95;364,73;157,4
7;50;62;1069,6548004150393;;547,62;361,84;160,2
8;50;64;1086,2612493687855;;565,28;357,99;163,0
9;50;66;1105,8673427807312;;582,94;357,13;165,79
10;50;68;1124,4742211528978;;600,61;355,27;168,59
11;50;70;1144,3483868132253;;618,27;354,68;171,39
12;50;72;1164,0937890224359;;635,94;353,97;174,19
13;50;74;1183,5128131268787;;653,61;352,92;176,99
14;50;76;1203,7099385713589;;671,27;352,66;179,78
15;50;78;1223,602846296999;;688,94;352,09;182,58
16;50;80;1243,729741512237;;706,6;351,75;185,38
17;50;82;1264,2307963487535;;724,26;351,79;188,18
18;50;84;1284,6320448062643;;741,93;351,72;190,98
19;50;86;1303,1779387672148;;759,6;349,81;193,78
20;50;88;1325,4124011071308;;777,26;351,58;196,57
21;50;90;1346,1568136429028;;794,93;351,86;199,37
22;50;92;1366,8331777607402;;812,59;352,07;202,17
23;50;94;1387,2393075906612;;830,26;352,02;204,97
24;50;96;1408,1272714466818;;847,92;352,44;207,77
25;50;98;1429,2022226426186;;865,59;353,05;210,56
26;50;100;1453,1191187797988;;883,25;356,51;213,36
27;50;102;1474,2037701132401;;900,91;357,13;216,16
28;50;104;1491,6761393943589;;918,58;354,14;218,96
29;50;106;1512,7732719824944;;936,25;354,77;221,76
30;50;108;1537,0094200219087;;953,91;358,54;224,56
31;50;110;1558,3005627671334;;971,58;359,37;227,35
32;50;112;1579,5784012897943;;989,24;360,19;230,15
33;50;114;1602,8285153548632;;1006,91;362,97;232,95
34;50;116;1623,698704276845;;1024,57;363,38;235,75
35;50;118;1642,62720295;;1042,24;361,85;238,55
36;52;50;-1,0;Too much steel needed in x=131.6081137837838, area needed is 20.804420287408895cmˆ2, but the maximum is 20.8cmˆ2;;;
37;52;52;-1,0;Too much steel needed in x=147.62312819819823, area needed is 21.656813673113003cmˆ2, but the maximum is 21.632cmˆ2;;;
38;52;54;-1,0;Too much steel needed in x=168.14264693693696, area needed is 22.48092662108134cmˆ2, but the maximum is 22.464000000000002cmˆ2;;;
39;52;56;-1,0;Too much steel needed in x=206.680182972973, area needed is 23.301352608819904cmˆ2, but the maximum is 23.296cmˆ2;;;
40;52;58;1067,8844554088482;;532,78;377,71;157,4
41;52;60;1086,2583006504717;;551,15;374,91;160,2
42;52;62;1103,4105794087675;;569,52;370,9;163,0
43;52;64;1123,317210663461;;587,89;369,63;165,79
44;52;66;1142,7252429248317;;606,26;367,87;168,59
45;52;68;1163,0125215654116;;624,63;366,99;171,39
46;52;70;1181,7998850946685;;643,01;364,61;174,19
47;52;72;1203,519031663137;;661,38;365,16;176,99
48;52;74;1222,2130761664955;;679,75;362,68;179,78
49;52;76;1243,3771920094869;;698,12;362,67;182,58
50;52;78;1265,5419237482372;;716,49;363,67;185,38
51;52;80;1284,6104998132657;;734,86;361,57;188,18
52;52;82;1306,0372500618905;;753,24;361,82;190,98
53;52;84;1328,5978297740946;;771,61;363,22;193,78
54;52;86;1349,7608334994102;;789,98;363,21;196,57
55;52;88;1369,2160294341384;;808,35;361,49;199,37
56;52;90;1392,3934472509072;;826,72;363,5;202,17
57;52;92;1413,9712461397062;;845,09;363,91;204,97
58;52;94;1435,4608952903213;;863,47;364,23;207,77
59;52;96;1454,7686268981636;;881,84;362,37;210,56
60;52;98;1478,426539669368;;900,21;364,86;213,36
61;52;100;1500,2844801658064;;918,58;365,54;216,16
62;52;102;1521,9728770940196;;936,95;366,06;218,96
63;52;104;1546,8579161139296;;955,32;369,78;221,76
64;52;106;1565,0266909830211;;973,69;366,78;224,56
65;52;108;1587,0298921657654;;992,07;367,61;227,35
66;52;110;1612,1286315905795;;1010,44;371,54;230,15
67;52;112;1634,1172714466816;;1028,81;372,36;232,95
68;52;114;1656,19270096303;;1047,18;373,26;235,75
69;52;116;1680,4419546883455;;1065,55;376,34;238,55
70;52;118;1702,3619282833608;;1083,92;377,09;241,34
71;54;50;-1,0;Too much steel needed in x=134.6111166666667, area needed is 21.606722215704472cmˆ2, but the maximum is 21.6cmˆ2;;;
72;54;52;-1,0;Too much steel needed in x=151.12663156156157, area needed is 22.47378452120003cmˆ2, but the maximum is 22.464000000000002cmˆ2;;;
73;54;54;-1,0;Too much steel needed in x=173.1987007507508, area needed is 23.329057144886292cmˆ2, but the maximum is 23.328cmˆ2;;;
74;54;56;1087,4642674681727;;534,19;391,25;162,03
75;54;58;1101,5038788993397;;553,27;388,04;160,2
76;54;60;1119,2227082715872;;572,35;383,88;163,0
77;54;62;1141,3853871212145;;591,42;384,17;165,79
78;54;64;1159,550851997105;;610,5;380,46;168,59
79;54;66;1180,0452464806758;;629,58;379,07;171,39
80;54;68;1200,800937121215;;648,66;377,95;174,19
81;54;70;1221,810015526362;;667,74;377,09;176,99
82;54;72;1241,7419235655736;;686,82;375,14;179,78
83;54;74;1263,4010816829255;;705,89;374,93;182,58
84;54;76;1284,0506227547523;;724,97;373,7;185,38
85;54;78;1306,009446323383;;744,05;373,78;188,18
86;54;80;1327,9746130817193;;763,13;373,87;190,98
87;54;82;1348,8745552647479;;782,21;372,89;193,78
88;54;84;1371,1152504018469;;801,28;373,26;196,57
89;54;86;1393,3521972904837;;820,36;373,62;199,37
90;54;88;1416,6648724995316;;839,44;375,05;202,17
91;54;90;1436,910801368948;;858,52;373,42;204,97
92;54;92;1459,2475126240465;;877,6;373,88;207,77
93;54;94;1483,4006942121007;;896,68;376,16;210,56
94;54;96;1505,6644151270405;;915,75;376,55;213,36
95;54;98;1525,7835576434295;;934,83;374,79;216,16
96;54;100;1550,2096512512314;;953,91;377,34;218,96
97;54;102;1572,8356078260933;;972,99;378,09;221,76
98;54;104;1595,4242442055047;;992,07;378,8;224,56
99;54;106;1621,0736334344624;;1011,14;382,58;227,35
100;54;108;1643,8756415254295;;1030,22;383,5;230,15
101;54;110;1662,8320181008994;;1049,3;380,58;232,95
102;54;112;1688,7475033031485;;1068,38;384,62;235,75
103;54;114;1711,5432077479536;;1087,46;385,54;238,55
104;54;116;1734,2889064408969;;1106,54;386,41;241,34
105;54;118;1759,572044852437;;1125,61;389,82;244,14
106;56;50;-1,0;Too much steel needed in x=137.61411954954957, area needed is 22.4142451777343cmˆ2, but the maximum is 22.400000000000002cmˆ2;;;
107;56;52;-1,0;Too much steel needed in x=155.13063540540543, area needed is 23.324182711387174cmˆ2, but the maximum is 23.296cmˆ2;;;
108;56;54;-1,0;Too much steel needed in x=179.15365750750755, area needed is 24.20394509043826cmˆ2, but the maximum is 24.192cmˆ2;;;
109;56;56;1120,2056534944356;;553,97;401,32;164,91
110;56;58;1138,5762983047703;;573,76;397,03;167,79
111;56;60;1156,3500411611155;;593,54;397,01;165,79
112;56;62;1175,0709346512012;;613,33;393,15;168,59
113;56;64;1194,8165003764761;;633,11;390,31;171,39
114;56;66;1217,397440899299;;652,9;390,31;174,19
115;56;68;1237,5515409774387;;672,68;387,88;176,99
116;56;70;1259,6788429512162;;692,47;387,43;179,78
117;56;72;1280,8731437224612;;712,25;386,04;182,58
118;56;74;1303,3002759056922;;732,04;385,88;185,38
119;56;76;1325,8334349120043;;751,82;385,83;188,18
120;56;78;1347,4779143106366;;771,61;384,89;190,98
121;56;80;1370,257437852883;;791,39;385,09;193,78
122;56;82;1393,0115458007629;;811,18;385,26;196,57
123;56;84;1414,8684067159056;;830,96;384,54;199,37
124;56;86;1437,8600234478574;;850,75;384,94;202,17
125;56;88;1460,9645456566625;;870,53;385,47;204,97
126;56;90;1485,1680476832087;;890,32;387,09;207,77
127;56;92;1506,2730050425075;;910,1;385,61;210,56
128;56;94;1529,451301015799;;929,89;386,2;213,36
129;56;96;1554,3054585851594;;949,67;388,47;216,16
130;56;98;1577,436713630724;;969,46;389,02;218,96
131;56;100;1598,2446416695302;;989,24;387,25;221,76
132;56;102;1623,6239049379838;;1009,02;390,04;224,56
133;56;104;1647,0098044407341;;1028,81;390,85;227,35
134;56;106;1670,4409308852958;;1048,59;391,69;230,15
135;56;108;1697,0276729901848;;1068,38;395,7;232,95
136;56;110;1720,4709923626351;;1088,16;396,56;235,75
137;56;112;1740,1209942318892;;1107,95;393,63;238,55
138;56;114;1766,9623807939643;;1127,73;397,88;241,34
139;56;116;1790,5654398002766;;1147,52;398,9;244,14
140;56;118;1814,1411884932195;;1167,3;399,9;246,94
141;58;50;-1,0;Too much steel needed in x=140.61712243243244, area needed is 23.226342827526967cmˆ2, but the maximum is 23.2cmˆ2;;;
142;58;52;-1,0;Too much steel needed in x=158.6341387687688, area needed is 24.142923408235585cmˆ2, but the maximum is 24.128cmˆ2;;;
143;58;54;-1,0;Too much steel needed in x=185.1596632732733, area needed is 25.062088832114096cmˆ2, but the maximum is 25.056cmˆ2;;;
144;58;56;1223,7109518738062;;573,76;410,25;239,7
145;58;58;1245,5663159586634;;594,25;407,5;243,81
146;58;60;1268,6387358603301;;614,74;405,97;247,93
147;58;62;1290,2996770696625;;635,23;403,02;252,04
148;58;64;1314,5053283635273;;655,72;402,62;256,16
149;58;66;1336,7577135008291;;676,22;400,27;260,27
150;58;68;1360,741302912451;;696,71;399,64;264,39
151;58;70;1384,0304708337435;;717,2;398,33;268,5
152;58;72;1408,2774772523258;;737,69;397,97;272,62
153;58;74;1429,8433908927025;;758,18;394,93;276,73
154;58;76;1456,5020392259012;;778,67;396,98;280,85
155;58;78;1481,111528441667;;799,16;396,98;284,96
156;58;80;1502,8084915528275;;819,66;394,07;289,08
157;58;82;1529,880060925278;;840,15;396,54;293,19
158;58;84;1554,8193679841968;;860,64;396,87;297,31
159;58;86;1576,6747534868264;;881,13;394,12;301,42
160;58;88;1604,0409623632431;;901,62;396,88;305,54
161;58;90;1629,1417390168529;;922,11;397,37;309,65
162;58;92;1655,6732096963603;;942,6;399,3;313,77
163;58;94;1678,7637945982297;;963,1;397,78;317,88
164;58;96;1704,074069500302;;983,59;398,49;322,0
165;58;98;1731,2744649311849;;1004,08;401,08;326,11
166;58;100;1756,557326546029;;1024,57;401,76;330,23
167;58;102;1781,5014124149982;;1045,06;402,1;334,34
168;58;104;1806,976431891973;;1065,55;402,96;338,46
169;58;106;1832,3939684804322;;1086,04;403,78;342,57
170;58;108;1857,9669206236822;;1106,54;404,74;346,69
171;58;110;1886,6474581274865;;1127,03;408,82;350,8
172;58;112;1912,2329730815163;;1147,52;409,8;354,92
173;58;114;1937,8410187158652;;1168,01;410,8;359,03
174;58;116;1962,8622348856202;;1188,5;411,21;363,15
175;58;118;1988,5485439447014;;1208,99;412,29;367,26
176;60;50;-1,0;Too much steel needed in x=143.11962483483487, area needed is 24.00254697597553cmˆ2, but the maximum is 24.0cmˆ2;;;
177;60;52;-1,0;Too much steel needed in x=162.13764213213216, area needed is 24.96153564300648cmˆ2, but the maximum is 24.96cmˆ2;;;
178;60;54;-1,0;Too much steel needed in x=192.16667000000004, area needed is 25.929338323599577cmˆ2, but the maximum is 25.92cmˆ2;;;
179;60;56;1260,6444887956259;;593,54;423,29;243,81
180;60;58;1281,7383785208199;;614,74;419,07;247,93
181;60;60;1303,914401540446;;635,94;415,93;252,04
182;60;62;1327,0126130959252;;657,14;413,72;256,16
183;60;64;1351,538367265721;;678,34;412,93;260,27
184;60;66;1373,2422774030229;;699,53;409,32;264,39
185;60;68;1399,7954409652602;;720,73;410,56;268,5
186;60;70;1421,8582710042283;;741,93;407,31;272,62
187;60;72;1446,945048978087;;763,13;407,08;276,73
188;60;74;1474,0443463243967;;784,33;408,87;280,85
189;60;76;1496,447744677383;;805,52;405,96;284,96
190;60;78;1523,973000376476;;826,72;408,17;289,08
191;60;80;1546,3558443242346;;847,92;405,24;293,19
192;60;82;1572,0298854873936;;869,12;405,6;297,31
193;60;84;1600,0028888078054;;890,32;408,26;301,42
194;60;86;1625,7208808599248;;911,51;408,67;305,54
195;60;88;1648,33756689938;;932,71;405,97;309,65
196;60;90;1676,6503979450256;;953,91;408,97;313,77
197;60;92;1702,5884739582987;;975,11;409,6;317,88
198;60;94;1728,5905206246953;;996,31;410,29;322,0
199;60;96;1753,8963746503905;;1017,5;410,28;326,11
200;60;98;1779,969804441748;;1038,7;411,04;330,23
201;60;100;1807,9972628077235;;1059,9;413,75;334,34
202;60;102;1834,1297616965226;;1081,1;414,57;338,46
203;60;104;1860,0274291215794;;1102,3;415,16;342,57
204;60;106;1886,081397265113;;1123,49;415,9;346,69
205;60;108;1912,362019513494;;1144,69;416,87;350,8
206;60;110;1938,663237356647;;1165,89;417,85;354,92
207;60;112;1968,280345958056;;1187,09;422,16;359,03
208;60;114;1994,6044668334189;;1208,29;423,17;363,15
209;60;116;2020,9512007681878;;1229,48;424,2;367,26
210;60;118;2046,81173458524;;1250,68;424,75;371,38
211;62;50;-1,0;Too much steel needed in x=146.12262771771776, area needed is 24.82232813022578cmˆ2, but the maximum is 24.8cmˆ2;;;
212;62;52;-1,0;Too much steel needed in x=166.141645975976, area needed is 25.80804324439121cmˆ2, but the maximum is 25.792cmˆ2;;;
213;62;54;-1,0;Too much steel needed in x=200.17467768768773, area needed is 26.78531333431144cmˆ2, but the maximum is 26.784cmˆ2;;;
214;62;56;1293,4617072405524;;613,33;432,2;247,93
215;62;58;1316,1298480769478;;635,23;428,85;252,04
216;62;60;1339,726726586619;;657,14;426,43;256,16
217;62;62;1364,6760146911836;;679,04;425,36;260,27
218;62;64;1387,1809559720589;;700,95;421,85;264,39
219;62;66;1414,1587046254253;;722,85;422,8;268,5
220;62;68;1436,938720377084;;744,76;419,56;272,62
221;62;70;1464,479964207126;;766,66;421,09;276,73
222;62;72;1487,4371024030224;;788,57;418,02;280,85
223;62;74;1513,2302744291637;;810,47;417,8;284,96
224;62;76;1538,5510250629038;;832,37;417,1;289,08
225;62;78;1564,6873809390784;;854,28;417,21;293,19
226;62;80;1590,783267265721;;876,18;417,29;297,31
227;62;82;1616,379112965017;;898,09;416,87;301,42
228;62;84;1642,808997873482;;919,99;417,28;305,54
229;62;86;1669,204446677545;;941,9;417,65;309,65
230;62;88;1698,1864347821097;;963,8;420,62;313,77
231;62;90;1721,6257987162703;;985,71;418,04;317,88
232;62;92;1750,8410522589222;;1007,61;421,23;322,0
233;62;94;1777,6355412260632;;1029,52;422,01;326,11
234;62;96;1804,4450231870546;;1051,42;422,8;330,23
235;62;98;1830,5139085334035;;1073,33;422,84;334,34
236;62;100;1857,39423980129;;1095,23;423,71;338,46
237;62;102;1884,3649442197102;;1117,13;424,66;342,57
238;62;104;1913,2387232783865;;1139,04;427,51;346,69
239;62;106;1940,0283922459325;;1160,94;428,28;350,8
240;62;108;1966,8829590428318;;1182,85;429,12;354,92
241;62;110;1993,9508345324718;;1204,75;430,16;359,03
242;62;112;2020,9320826510389;;1226,66;431,13;363,15
243;62;114;2051,3541559974296;;1248,56;435,53;367,26
244;62;116;2078,558497382829;;1270,47;436,71;371,38
245;62;118;2105,6943372653154;;1292,37;437,83;375,49
246;64;50;-1,0;Too much steel needed in x=148.62513012012016, area needed is 25.605772468944394cmˆ2, but the maximum is 25.6cmˆ2;;;
247;64;52;-1,0;Too much steel needed in x=169.6696728828829, area needed is 26.62409576329783cmˆ2, but the maximum is 26.624000000000002cmˆ2;;;
248;64;54;-1,0;Too much steel needed in x=212.68718969969973, area needed is 27.651323424516935cmˆ2, but the maximum is 27.648cmˆ2;;;
249;64;56;1327,380172574116;;633,11;442,22;252,04
250;64;58;1351,3544098942436;;655,72;439,47;256,16
251;64;60;1376,756272207775;;678,34;438,15;260,27
252;64;62;1399,70254212923;;700,95;434,37;264,39
253;64;64;1424,6389646779912;;723,56;432,58;268,5
254;64;66;1450,6111596324265;;746,17;431,82;272,62
255;64;68;1476,0286949787762;;768,78;430,51;276,73
256;64;70;1502,450451540446;;791,39;430,21;280,85
257;64;72;1526,8404313835588;;814,0;427,87;284,96
258;64;74;1554,6934157891924;;836,61;429,0;289,08
259;64;76;1581,2638311745106;;859,23;428,84;293,19
260;64;78;1606,1782156714762;;881,84;427,03;297,31
261;64;80;1634,5397475796988;;904,45;428,67;301,42
262;64;82;1661,413411906584;;927,06;428,82;305,54
263;64;84;1688,0181188214026;;949,67;428,69;309,65
264;64;86;1715,276303174267;;972,28;429,23;313,77
265;64;88;1742,4725359846423;;994,89;429,7;317,88
266;64;90;1772,3737939325226;;1017,5;432,87;322,0
267;64;92;1796,5544402853468;;1040,12;430,33;326,11
268;64;94;1826,6581118802;;1062,73;433,7;330,23
269;64;96;1854,2567821679952;;1085,34;434,58;334,34
270;64;98;1881,8028517626867;;1107,95;435,4;338,46
271;64;100;1908,73519347485;;1130,56;435,6;342,57
272;64;102;1936,449652507547;;1153,17;436,59;346,69
273;64;104;1964,2381736315347;;1175,78;437,65;350,8
274;64;106;1993,9338875271324;;1198,39;440,62;354,92
275;64;108;2021,5452862068832;;1221,0;441,51;359,03
276;64;110;2052,7815095664655;;1243,62;446,02;363,15
277;64;112;2076,9364116315755;;1266,23;443,45;367,26
278;64;114;2104,8062853960614;;1288,84;444,59;371,38
279;64;116;2136,0196469129783;;1311,45;449,08;375,49
280;64;118;2163,935283906341;;1334,06;450,27;379,61
281;66;50;-1,0;Too much steel needed in x=151.62813300300303, area needed is 26.430931667595495cmˆ2, but the maximum is 26.400000000000002cmˆ2;;;
282;66;52;-1,0;Too much steel needed in x=173.64915318318322, area needed is 27.461077337524937cmˆ2, but the maximum is 27.456cmˆ2;;;
283;66;54;1337,3712289795062;;629,58;455,75;252,04
284;66;56;1361,7636044041983;;652,9;452,71;256,16
285;66;58;1387,5950555153995;;676,22;451,11;260,27
286;66;60;1411,0445232408365;;699,53;447,12;264,39
287;66;62;1436,5620775019643;;722,85;445,21;268,5
288;66;64;1462,831390744033;;746,17;444,04;272,62
289;66;66;1488,8630522731276;;769,49;442,64;276,73
290;66;68;1515,6425185869837;;792,81;441,99;280,85
291;66;70;1541,1075949006367;;816,12;440,02;284,96
292;66;72;1569,338433214249;;839,44;440,82;289,08
293;66;74;1594,8238167958698;;862,76;438,87;293,19
294;66;76;1623,5102295670736;;886,08;440,13;297,31
295;66;78;1650,8835090306538;;909,39;440,07;301,42
296;66;80;1676,7959210701893;;932,71;438,55;305,54
297;66;82;1706,0281998934324;;956,03;440,34;309,65
298;66;84;1733,583748848192;;979,35;440,47;313,77
299;66;86;1761,1798929786141;;1002,67;440,63;317,88
300;66;88;1789,1963306650828;;1025,98;441,21;322,0
301;66;90;1817,2811462858335;;1049,3;441,87;326,11
302;66;92;1848,0746529134642;;1072,62;445,23;330,23
303;66;94;1873,057545501396;;1095,94;442,78;334,34
304;66;96;1904,0790873180842;;1119,25;446,37;338,46
305;66;98;1932,3842340372491;;1142,57;447,24;342,57
306;66;100;1960,7348968480303;;1165,89;448,16;346,69
307;66;102;1988,4931696058397;;1189,21;448,48;350,8
308;66;104;2017,0377610176229;;1212,53;449,59;354,92
309;66;106;2045,5369187168787;;1235,84;450,66;359,03
310;66;108;2076,239640298539;;1259,16;453,93;363,15
311;66;110;2104,759064076218;;1282,48;455,02;367,26
312;66;112;2136,6900652138033;;1305,8;459,51;371,38
313;66;114;2161,514783370529;;1329,11;456,91;375,49
314;66;116;2190,1781703638917;;1352,43;458,14;379,61
315;66;118;2222,280856925967;;1375,75;462,81;383,72
316;68;50;-1,0;Too much steel needed in x=154.13063540540543, area needed is 27.21957116213806cmˆ2, but the maximum is 27.2cmˆ2;;;
317;68;52;-1,0;Too much steel needed in x=177.65315702702705, area needed is 28.293031294963487cmˆ2, but the maximum is 28.288cmˆ2;;;
318;68;54;1372,2072420257196;;648,66;467,39;256,16
319;68;56;1397,1785249274267;;672,68;464,22;260,27
320;68;58;1421,2269602605843;;696,71;460,13;264,39
321;68;60;1447,09108250237;;720,73;457,86;268,5
322;68;62;1473,8596187574685;;744,76;456,48;272,62
323;68;64;1500,572712652458;;768,78;455,06;276,73
324;68;66;1526,136736129757;;792,81;452,48;280,85
325;68;68;1553,947183267018;;816,83;452,15;284,96
326;68;70;1580,7312492145331;;840,85;450,8;289,08
327;68;72;1608,900842795951;;864,88;450,83;293,19
328;68;74;1637,9700102078154;;888,9;451,76;297,31
329;68;76;1664,5264536847092;;912,93;450,18;301,42
330;68;78;1692,957198848192;;936,95;450,47;305,54
331;68;80;1720,4430802206023;;960,98;449,81;309,65
332;68;82;1749,162287279521;;985,0;450,39;313,77
333;68;84;1779,213700050725;;1009,02;452,31;317,88
334;68;86;1807,4078426000947;;1033,05;452,36;322,0
335;68;88;1834,337354586862;;1057,07;451,15;326,11
336;68;90;1864,9035336587299;;1081,1;453,58;330,23
337;68;92;1893,7697115930116;;1105,12;454,3;334,34
338;68;94;1925,3388955541654;;1129,15;457,73;338,46
339;68;96;1951,1928233839233;;1153,17;455,45;342,57
340;68;98;1980,2253716455784;;1177,2;456,34;346,69
341;68;100;2012,1090509396863;;1201,22;460,09;350,8
342;68;102;2041,3771317103226;;1225,24;461,21;354,92
343;68;104;2069,87021930546;;1249,27;461,57;359,03
344;68;106;2099,2037519067867;;1273,29;462,76;363,15
345;68;108;2130,741013148694;;1297,32;466,16;367,26
346;68;110;2160,0657311877026;;1321,34;467,34;371,38
347;68;112;2189,2594195276997;;1345,37;468,4;375,49
348;68;114;2222,1536430435613;;1369,39;473,15;379,61
349;68;116;2251,4773725335253;;1393,42;474,34;383,72
350;68;118;2280,517066769485;;1417,44;475,24;387,84
351;70;50;-1,0;Too much steel needed in x=156.63313780780783, area needed is 28.010285043480316cmˆ2, but the maximum is 28.0cmˆ2;;;
352;70;52;-1,0;Too much steel needed in x=182.15766135135138, area needed is 29.1406653925813cmˆ2, but the maximum is 29.12cmˆ2;;;
353;70;54;1405,6087102352135;;667,74;477,6;260,27
354;70;56;1430,2753495159268;;692,47;473,42;264,39
355;70;58;1456,3987969931445;;717,2;470,7;268,5
356;70;60;1483,4262474112402;;741,93;468,88;272,62
357;70;62;1510,8584629274667;;766,66;467,46;276,73
358;70;64;1537,098399371826;;791,39;464,86;280,85
359;70;66;1565,3760018164685;;816,12;464,29;284,96
360;70;68;1592,9745481165241;;840,85;463,04;289,08
361;70;70;1621,5103776856417;;865,59;462,73;293,19
362;70;72;1649,409948691913;;890,32;461,79;297,31
363;70;74;1678,300393855397;;915,05;461,83;301,42
364;70;76;1704,5058332340377;;939,78;459,19;305,54
365;70;78;1735,695097214371;;964,51;461,53;309,65
366;70;80;1764,9212091361906;;989,24;461,91;313,77
367;70;82;1793,3890129396457;;1013,97;461,53;317,88
368;70;84;1822,8970788090214;;1038,7;462,2;322,0
369;70;86;1853,829824207937;;1063,43;464,28;326,11
370;70;88;1882,847508809427;;1088,16;464,45;330,23
371;70;90;1910,8397604036709;;1112,89;463,6;334,34
372;70;92;1942,1472630837468;;1137,63;466,06;338,46
373;70;94;1971,7495541489775;;1162,36;466,82;342,57
374;70;96;2004,3829811359478;;1187,09;470,61;346,69
375;70;98;2030,7900713320064;;1211,82;468,17;350,8
376;70;100;2063,5735781818767;;1236,55;472,1;354,92
377;70;102;2093,4781510574026;;1261,28;473,16;359,03
378;70;104;2123,485412756982;;1286,01;474,32;363,15
379;70;106;2155,181225724042;;1310,74;477,17;367,26
380;70;108;2182,934650468821;;1335,47;476,08;371,38
381;70;110;2215,3885866128007;;1360,21;479,69;375,49
382;70;112;2245,403428011392;;1384,94;480,86;379,61
383;70;114;2275,5347987436676;;1409,67;482,14;383,72
384;70;116;2309,062095632305;;1434,4;486,83;387,84
385;70;118;2339,307813475458;;1459,13;488,23;391,95
386;72;50;-1,0;Too much steel needed in x=159.13564021021023, area needed is 28.802623312941517cmˆ2, but the maximum is 28.8cmˆ2;;;
387;72;52;-1,0;Too much steel needed in x=186.16166519519524, area needed is 29.954732239229983cmˆ2, but the maximum is 29.952cmˆ2;;;
388;72;54;1437,9329055164133;;686,82;486,73;264,39
389;72;56;1464,6491009802767;;712,25;483,89;268,5
390;72;58;1492,0810961305674;;737,69;481,77;272,62
391;72;60;1519,1467988623976;;763,13;479,29;276,73
392;72;62;1546,852983319787;;788,57;477,44;280,85
393;72;64;1575,4148941040212;;814,0;476,45;284,96
394;72;66;1603,66649070547;;839,44;475,15;289,08
395;72;68;1630,1670506788835;;864,88;472,09;293,19
396;72;70;1661,419610626925;;890,32;473,79;297,31
397;72;72;1690,8788718292558;;915,75;473,7;301,42
398;72;74;1717,6922779078814;;941,19;470,96;305,54
399;72;76;1749,5459415548546;;966,63;473,26;309,65
400;72;78;1776,529962129838;;992,07;470,69;313,77
401;72;80;1808,5715398814564;;1017,5;473,18;317,88
402;72;82;1838,7105784568862;;1042,94;473,77;322,0
403;72;84;1868,0215717247313;;1068,38;473,53;326,11
404;72;86;1898,3810254236625;;1093,82;474,34;330,23
405;72;88;1930,1300635150342;;1119,25;476,53;334,34
406;72;90;1958,1567973452795;;1144,69;475,01;338,46
407;72;92;1988,5851627965585;;1170,13;475,88;342,57
408;72;94;2021,019252168604;;1195,57;478,76;346,69
409;72;96;2051,3113568488407;;1221,0;479,5;350,8
410;72;98;2084,843767828931;;1246,44;483,48;354,92
411;72;100;2112,136742920263;;1271,88;481,22;359,03
412;72;102;2145,731701868224;;1297,32;485,27;363,15
413;72;104;2176,4002534239057;;1322,76;486,38;367,26
414;72;106;2207,1798157374365;;1348,19;487,61;371,38
415;72;108;2239,8375725609235;;1373,63;490,71;375,49
416;72;110;2268,1781838809698;;1399,07;489,5;379,61
417;72;112;2301,5223512400657;;1424,51;493,29;383,72
418;72;114;2332,4103689137482;;1449,94;494,63;387,84
419;72;116;2366,683355502207;;1475,38;499,35;391,95
420;72;118;2397,548760116484;;1500,82;500,66;396,07
421;74;50;-1,0;Too much steel needed in x=162.13864309309312, area needed is 29.632500199418228cmˆ2, but the maximum is 29.6cmˆ2;;;
422;74;52;-1,0;Too much steel needed in x=191.16667000000004, area needed is 30.797641175245978cmˆ2, but the maximum is 30.784cmˆ2;;;
423;74;54;1470,9182604970306;;705,89;496,52;268,5
424;74;56;1499,6564756996845;;732,04;495,0;272,62
425;74;58;1527,0243226664609;;758,18;492,11;276,73
426;74;60;1555,206271045832;;784,33;490,03;280,85
427;74;62;1581,7499226928455;;810,47;486,32;284,96
428;74;64;1613,011551751521;;836,61;487,32;289,08
429;74;66;1640,2191648099133;;862,76;484,27;293,19
430;74;68;1671,851143045589;;888,9;485,64;297,31
431;74;70;1699,2775631892844;;915,05;482,81;301,42
432;74;72;1729,4342383004039;;941,19;482,7;305,54
433;74;74;1759,0790101956368;;967,34;482,09;309,65
434;74;76;1789,5444132806156;;993,48;482,3;313,77
435;74;78;1822,2609146272491;;1019,62;484,75;317,88
436;74;80;1850,03717155526;;1045,77;482,27;322,0
437;74;82;1883,1811972803318;;1071,91;485,16;326,11
438;74;84;1914,0648142609089;;1098,06;485,78;330,23
439;74;86;1944,288033960123;;1124,2;485,74;334,34
440;74;88;1975,4121665614505;;1150,34;486,61;338,46
441;74;90;2006,423476065012;;1176,49;487,36;342,57
442;74;92;2036,8789322867256;;1202,63;487,56;346,69
443;74;94;2068,2350130837467;;1228,78;488,65;350,8
444;74;96;2101,34872165877;;1254,92;491,51;354,92
445;74;98;2132,540736273858;;1281,07;492,44;359,03
446;74;100;2166,9314541038184;;1307,21;496,57;363,15
447;74;102;2194,850644508925;;1333,35;494,23;367,26
448;74;104;2229,38915618212;;1359,5;498,51;371,38
449;74;106;2260,8381638813757;;1385,64;499,7;375,49
450;74;108;2292,410580391087;;1411,79;501,02;379,61
451;74;110;2325,940854456967;;1437,93;504,29;383,72
452;74;112;2354,917382051293;;1464,08;503,0;387,84
453;74;114;2389,1875331493015;;1490,22;507,01;391,95
454;74;116;2420,837224534702;;1516,36;508,4;396,07
455;74;118;2455,9861891102114;;1542,51;513,29;400,18
456;76;50;-1,0;Too much steel needed in x=164.64114549549552, area needed is 30.42607175933877cmˆ2, but the maximum is 30.400000000000002cmˆ2;;;
457;76;52;-1,0;Too much steel needed in x=196.17167480480484, area needed is 31.620894068392168cmˆ2, but the maximum is 31.616cmˆ2;;;
458;76;54;1506,1556821050751;;724,97;508,57;272,62
459;76;56;1533,7169271508424;;751,82;505,16;276,73
460;76;58;1562,2647424580211;;778,67;502,74;280,85
461;76;60;1589,4245179806412;;805,52;498,94;284,96
462;76;62;1621,2002806671096;;832,37;499,75;289,08
463;76;64;1648,9324285360392;;859,23;496,51;293,19
464;76;66;1681,0288855817657;;886,08;497,64;297,31
465;76;68;1709,1220120065395;;912,93;494,77;301,42
466;76;70;1739,3398832416472;;939,78;494,02;305,54
467;76;72;1770,1883503003637;;966,63;493,91;309,65
468;76;74;1800,9776456992793;;993,48;493,73;313,77
469;76;76;1831,6788131892836;;1020,33;493,46;317,88
470;76;78;1862,956759895257;;1047,18;493,78;322,0
471;76;80;1893,7191787055108;;1074,03;493,57;326,11
472;76;82;1925,2681633070006;;1100,88;494,16;330,23
473;76;84;1959,3240447575492;;1127,73;497,25;334,34
474;76;86;1990,9108018164684;;1154,58;497,87;338,46
475;76;88;2022,1732402477971;;1181,44;498,16;342,57
476;76;90;2053,9733261827287;;1208,29;499,0;346,69
477;76;92;2085,9615329930225;;1235,14;500,02;350,8
478;76;94;2117,2276372937267;;1261,99;500,32;354,92
479;76;96;2149,3054346532285;;1288,84;501,43;359,03
480;76;98;2183,294709319868;;1315,69;504,46;363,15
481;76;100;2215,347833319787;;1342,54;505,54;367,26
482;76;102;2250,5066496072577;;1369,39;509,74;371,38
483;76;104;2279,2394133719476;;1396,24;507,5;375,49
484;76;106;2314,558915829782;;1423,09;511,86;379,61
485;76;108;2346,866437149626;;1449,94;513,2;383,72
486;76;110;2381,460851267464;;1476,79;516,83;387,84
487;76;112;2413,7603398033166;;1503,64;518,16;391,95
488;76;114;2445,8353980581733;;1530,5;519,27;396,07
489;76;116;2478,3854108623573;;1557,35;520,86;400,18
490;76;118;2510,862228613166;;1584,2;522,37;404,3
491;78;50;-1,0;Too much steel needed in x=167.14364789789792, area needed is 31.21985908352857cmˆ2, but the maximum is 31.2cmˆ2;;;
492;78;52;-1,0;Too much steel needed in x=202.1776805705706, area needed is 32.4503518532154cmˆ2, but the maximum is 32.448cmˆ2;;;
493;78;54;1539,3490937001307;;744,05;518,57;276,73
494;78;56;1568,2304816869791;;771,61;515,77;280,85
495;78;58;1595,9652302622055;;799,16;511,84;284,96
496;78;60;1628,009298327599;;826,72;512,21;289,08
497;78;62;1656,2607087454928;;854,28;508,79;293,19
498;78;64;1685,4686606015543;;881,84;506,32;297,31
499;78;66;1717,4915564185667;;909,39;506,67;301,42
500;78;68;1747,0984858303902;;936,95;504,61;305,54
501;78;70;1779,7104983661623;;964,51;505,55;309,65
502;78;72;1809,382180209437;;992,07;503,55;313,77
503;78;74;1842,5703339347522;;1019,62;505,06;317,88
504;78;76;1872,410158078772;;1047,18;503,23;322,0
505;78;78;1905,8800186143812;;1074,74;505,03;326,11
506;78;80;1938,0436236731384;;1102,3;505,52;330,23
507;78;82;1969,8168387844605;;1129,85;505,62;334,34
508;78;84;2002,2108680258002;;1157,41;506,34;338,46
509;78;86;2037,020347568533;;1184,97;509,48;342,57
510;78;88;2066,4084690720542;;1212,53;507,19;346,69
511;78;90;2101,598391698955;;1240,08;510,71;350,8
512;78;92;2134,334018992901;;1267,64;511,77;354,92
513;78;94;2166,9644844441805;;1295,2;512,73;359,03
514;78;96;2199,135401058416;;1322,76;513,23;363,15
515;78;98;2231,95678827402;;1350,31;514,38;367,26
516;78;100;2266,8289607710253;;1377,87;517,58;371,38
517;78;102;2299,61722994762;;1405,43;518,7;375,49
518;78;104;2335,7007539211545;;1432,98;523,11;379,61
519;78;106;2365,1975795680864;;1460,54;520,93;383,72
520;78;108;2401,367809999781;;1488,1;525,43;387,84
521;78;110;2434,4402161697385;;1515,66;526,83;391,95
522;78;112;2469,979996175727;;1543,21;530,7;396,07
523;78;114;2503,0107366533903;;1570,77;532,06;400,18
524;78;116;2539,7304586399555;;1598,33;537,1;404,3
525;78;118;2569,1332444439777;;1625,89;534,83;408,41
526;80;50;-1,0;Too much steel needed in x=169.64615030030032, area needed is 32.01341262228205cmˆ2, but the maximum is 32.0cmˆ2;;;
527;80;52;-1,0;Too much steel needed in x=210.1856882582583, area needed is 33.28331808140154cmˆ2, but the maximum is 33.28cmˆ2;;;
528;80;54;1571,6278964583453;;763,13;527,65;280,85
529;80;56;1601,1875032036924;;791,39;524,83;284,96
530;80;58;1631,8557507722421;;819,66;523,12;289,08
531;80;60;1662,3246537263128;;847,92;521,21;293,19
532;80;62;1692,0044976872632;;876,18;518,51;297,31
533;80;64;1724,590896092005;;904,45;518,72;301,42
534;80;66;1754,9068144973544;;932,71;516,66;305,54
535;80;68;1787,687511385991;;960,98;517,06;309,65
536;80;70;1818,5103288891878;;989,24;515,5;313,77
537;80;72;1851,695522732422;;1017,5;516,31;317,88
538;80;74;1882,7772684053339;;1045,77;515,01;322,0
539;80;76;1916,630500601757;;1074,03;516,48;326,11
540;80;78;1947,4357293468606;;1102,3;514,91;330,23
541;80;80;1981,8539815560703;;1130,56;516,95;334,34
542;80;82;2014,6386738304313;;1158,82;517,36;338,46
543;80;84;2047,4416752683962;;1187,09;517,78;342,57
544;80;86;2080,6344076210994;;1215,35;518,59;346,69
545;80;88;2116,33621822267;;1243,62;521,92;350,8
546;80;90;2146,499482418647;;1271,88;519,7;354,92
547;80;92;2182,6159242485273;;1300,14;523,44;359,03
548;80;94;2216,069437477404;;1328,41;524,51;363,15
549;80;96;2251,3446315164942;;1356,67;527,41;367,26
550;80;98;2282,479266209315;;1384,94;526,16;371,38
551;80;100;2318,276887804169;;1413,2;529,58;375,49
552;80;102;2352,006794392222;;1441,46;530,93;379,61
553;80;104;2385,6169580391947;;1469,73;532,17;383,72
554;80;106;2422,431384666421;;1497,99;536,6;387,84
555;80;108;2452,639999372839;;1526,26;534,43;391,95
556;80;110;2489,717473124134;;1554,52;539,13;396,07
557;80;112;2523,4918660652147;;1582,78;540,52;400,18
558;80;114;2559,932070052347;;1611,05;544,59;404,3
559;80;116;2593,7614526800585;;1639,31;546,04;408,41
560;80;118;2631,258829098236;;1667,58;551,15;412,53
561;82;50;-1,0;Too much steel needed in x=172.14865270270272, area needed is 32.80628291221551cmˆ2, but the maximum is 32.8cmˆ2;;;
562;82;52;1577,699409204179;;753,24;543,62;280,85
563;82;54;1607,6975445241444;;782,21;540,53;284,96
564;82;56;1636,4994457530618;;811,18;536,24;289,08
565;82;58;1667,293271582658;;840,15;533,95;293,19
566;82;60;1697,5579543148933;;869,12;531,13;297,31
567;82;62;1730,2736162103292;;898,09;530,76;301,42
568;82;64;1761,4179790464802;;927,06;528,82;305,54
569;82;66;1793,1716818442717;;956,03;527,49;309,65
570;82;68;1826,0799130857731;;985,0;527,31;313,77
571;82;70;1858,3208255565976;;1013,97;526,47;317,88
572;82;72;1891,4809407328685;;1042,94;526,54;322,0
573;82;74;1924,0756450071876;;1071,91;526,05;326,11
574;82;76;1957,6145540398848;;1100,88;526,5;330,23
575;82;78;1992,2131060532383;;1129,85;528,02;334,34
576;82;80;2024,086387856937;;1158,82;526,8;338,46
577;82;82;2059,410646876441;;1187,79;529,04;342,57
578;82;84;2092,922164039682;;1216,77;529,47;346,69
579;82;86;2126,6220891705902;;1245,74;530,08;350,8
580;82;88;2160,56753486329;;1274,71;530,94;354,92
581;82;90;2197,3289546670285;;1303,68;534,62;359,03
582;82;92;2228,2977190720544;;1332,65;532,5;363,15
583;82;94;2265,1968404578593;;1361,62;536,31;367,26
584;82;96;2299,506354745168;;1390,59;537,54;371,38
585;82;98;2335,622843529646;;1419,56;540,57;375,49
586;82;100;2367,5954778043706;;1448,53;539,46;379,61
587;82;102;2404,25647420895;;1477,5;543,03;383,72
588;82;104;2438,721319202963;;1506,47;544,41;387,84
589;82;106;2476,262982614503;;1535,44;548,87;391,95
590;82;108;2510,752707738816;;1564,41;550,27;396,07
591;82;110;2547,3065643796376;;1593,38;553,74;400,18
592;82;112;2579,5392389417543;;1622,35;552,89;404,3
593;82;114;2616,8396873333036;;1651,32;557,1;408,41
594;82;116;2651,448455176457;;1680,29;558,62;412,53
595;82;118;2689,7374492815075;;1709,27;563,83;416,64
596;84;50;-1,0;Too much steel needed in x=174.69820027027032, area needed is 33.601066850412884cmˆ2, but the maximum is 33.6cmˆ2;;;
597;84;52;1610,7277199366576;;771,61;554,16;284,96
598;84;54;1640,0095468774553;;801,28;549,65;289,08
599;84;56;1670,9577626423065;;830,96;546,8;293,19
600;84;58;1701,6664109689086;;860,64;543,72;297,31
601;84;60;1734,9240728643442;;890,32;543,18;301,42
602;84;62;1766,4632176878708;;919,99;540,93;305,54
603;84;64;1798,9633952558127;;949,67;539,64;309,65
604;84;66;1832,23061312535;;979,35;539,11;313,77
605;84;68;1865,1618557264742;;1009,02;538,25;317,88
606;84;70;1898,8801995829012;;1038,7;538,18;322,0
607;84;72;1932,2613324846084;;1068,38;537,77;326,11
608;84;74;1966,2979611119958;;1098,06;538,01;330,23
609;84;76;1999,8137475695462;;1127,73;537,74;334,34
610;84;78;2034,1354193602551;;1157,41;538,27;338,46
611;84;80;2067,784252981452;;1187,09;538,12;342,57
612;84;82;2102,343104039885;;1216,77;538,89;346,69
613;84;84;2138,5381923534974;;1246,44;541,29;350,8
614;84;86;2172,6733084714965;;1276,12;541,63;354,92
615;84;88;2207,4455909683006;;1305,8;542,62;359,03
616;84;90;2242,3079389285617;;1335,47;543,69;363,15
617;84;92;2279,879718484487;;1365,15;547,46;367,26
618;84;94;2311,6056249284397;;1394,83;545,4;371,38
619;84;96;2349,31811372611;;1424,51;549,32;375,49
620;84;98;2384,4731652817914;;1454,18;550,68;379,61
621;84;100;2421,544390575575;;1483,86;553,96;383,72
622;84;102;2456,3408723407106;;1513,54;554,96;387,84
623;84;104;2491,6444801576813;;1543,21;556,48;391,95
624;84;106;2526,87318273222;;1572,89;557,91;396,07
625;84;108;2565,369004353456;;1602,57;562,62;400,18
626;84;110;2600,606644235944;;1632,25;564,06;404,3
627;84;112;2638,203962954865;;1661,92;567,87;408,41
628;84;114;2670,9943315560713;;1691,6;566,87;412,53
629;84;116;2709,110906235903;;1721,28;571,19;416,64
630;84;118;2744,5152476081093;;1750,95;572,8;420,76
631;86;50;-1,0;Too much steel needed in x=177.65415798798801, area needed is 34.41933302975879cmˆ2, but the maximum is 34.4cmˆ2;;;
632;86;52;1642,2012696230859;;789,98;563,14;289,08
633;86;54;1672,9394170739192;;820,36;559,38;293,19
634;86;56;1704,768883910395;;850,75;556,71;297,31
635;86;58;1737,7857484463293;;881,13;555,23;301,42
636;86;60;1770,4681205374177;;911,51;553,42;305,54
637;86;62;1801,6496495179535;;941,9;550,1;309,65
638;86;64;1837,2125829818572;;972,28;551,16;313,77
639;86;66;1870,657650289198;;1002,67;550,11;317,88
640;86;68;1902,4680455440139;;1033,05;547,42;322,0
641;86;70;1938,8773343021069;;1063,43;549,33;326,11
642;86;72;1970,7492280144324;;1093,82;546,7;330,23
643;86;74;2007,7935202887925;;1124,2;549,25;334,34
644;86;76;2042,5336185108708;;1154,58;549,49;338,46
645;86;78;2076,9361334263376;;1184,97;549,39;342,57
646;86;80;2112,2465239227768;;1215,35;550,21;346,69
647;86;82;2146,737848432123;;1245,74;550,2;350,8
648;86;84;2182,234916523901;;1276,12;551,2;354,92
649;86;86;2219,260054837514;;1306,5;553,72;359,03
650;86;88;2252,4801358050195;;1336,89;552,44;363,15
651;86;90;2289,8792899880077;;1367,27;555,34;367,26
652;86;92;2325,5166562490945;;1397,65;556,48;371,38
653;86;94;2363,922563569831;;1428,04;560,39;375,49
654;86;96;2396,4203579093005;;1458,42;558,39;379,61
655;86;98;2435,0957387458975;;1488,81;562,57;383,72
656;86;100;2470,965339883484;;1519,19;563,94;387,84
657;86;102;2508,916003908976;;1549,57;567,39;391,95
658;86;104;2544,5756537131206;;1579,96;568,55;396,07
659;86;106;2580,672074536728;;1610,34;570,15;400,18
660;86;108;2616,678060013987;;1640,73;571,65;404,3
661;86;110;2655,9339069422;;1671,11;576,41;408,41
662;86;112;2692,0708397393837;;1701,49;578,05;412,53
663;86;114;2730,491246602446;;1731,88;581,97;416,64
664;86;116;2763,834819582495;;1762,26;580,82;420,76
665;86;118;2802,8496986279793;;1792,64;585,33;424,87
666;88;50;-1,0;Too much steel needed in x=180.1566603903904, area needed is 35.206425273389605cmˆ2, but the maximum is 35.2cmˆ2;;;
667;88;52;1969,0383771264856;;808,35;574,3;586,39
668;88;54;2005,3477215187236;;839,44;571,29;594,62
669;88;56;2041,527355100344;;870,53;568,15;602,85
670;88;58;2078,551325688519;;901,62;565,85;611,08
671;88;60;2114,511925642348;;932,71;562,49;619,31
672;88;62;2152,1592216881963;;963,8;560,82;627,54
673;88;64;2190,8469247863645;;994,89;560,19;635,77
674;88;66;2229,1782629690706;;1025,98;559,2;644,0
675;88;68;2268,0720455835904;;1057,07;558,77;652,23
676;88;70;2306,996948955756;;1088,16;558,38;660,46
677;88;72;2348,5064132958337;;1119,25;560,56;668,69
678;88;74;2385,497060720285;;1150,34;558,23;676,92
679;88;76;2427,2834118710625;;1181,44;560,7;685,15
680;88;78;2464,5411018053037;;1212,53;558,64;693,38
681;88;80;2506,786158641982;;1243,62;561,56;701,61
682;88;82;2546,876257726637;;1274,71;562,33;709,84
683;88;84;2586,431014276127;;1305,8;562,57;718,07
684;88;86;2626,8878798704927;;1336,89;563,7;726,3
685;88;88;2668,737830968504;;1367,98;566,23;734,53
686;88;90;2706,94085796207;;1399,07;565,12;742,76
687;88;92;2749,435081046642;;1430,16;568,29;750,99
688;88;94;2789,913899844718;;1461,25;569,45;759,22
689;88;96;2833,338096288874;;1492,34;573,55;767,45
690;88;98;2870,706013556637;;1523,43;571,6;775,68
691;88;100;2914,3424259361295;;1554,52;575,91;783,91
692;88;102;2955,1785384719037;;1585,61;577,43;792,14
693;88;104;2998,06140053681;;1616,7;580,99;800,37
694;88;106;3038,678540406103;;1647,79;582,29;808,6
695;88;108;3079,653940732868;;1678,88;583,94;816,83
696;88;110;3123,8090744322058;;1709,97;588,78;825,06
697;88;112;3164,7574729556736;;1741,06;590,41;833,29
698;88;114;3208,3063550861366;;1772,15;594,64;841,52
699;88;116;3249,2484112429047;;1803,24;596,26;849,75
700;88;118;3293,8752657009027;;1834,33;601,56;857,98
701;90;50;-1,0;Too much steel needed in x=183.1596632732733, area needed is 36.01968437897577cmˆ2, but the maximum is 36.0cmˆ2;;;
702;90;52;2006,411266832904;;826,72;585,07;594,62
703;90;54;2042,8003022771825;;858,52;581,43;602,85
704;90;56;2080,199283871831;;890,32;578,81;611,08
705;90;58;2116,4401341722128;;922,11;575,02;619,31
706;90;60;2154,774115073758;;953,91;573,33;627,54
707;90;62;2193,7268069695965;;985,71;572,25;635,77
708;90;64;2232,6901887864883;;1017,5;571,19;644,0
709;90;66;2270,3969921850394;;1049,3;568,87;652,23
710;90;68;2311,5466172697743;;1081,1;569,99;660,46
711;90;70;2349,722381727568;;1112,89;568,14;668,69
712;90;72;2391,168253531471;;1144,69;569,56;676,92
713;90;74;2429,5658747467905;;1176,49;567,93;685,15
714;90;76;2471,619976040655;;1208,29;569,96;693,38
715;90;78;2514,4272165766697;;1240,08;572,74;701,61
716;90;80;2552,4047901387044;;1271,88;570,69;709,84
717;90;82;2595,4911623155413;;1303,68;573,75;718,07
718;90;84;2636,4244920541296;;1335,47;574,65;726,3
719;90;86;2676,9030509427275;;1367,27;575,1;734,53
720;90;88;2718,0937428253765;;1399,07;576,27;742,76
721;90;90;2760,9003251516933;;1430,87;579,05;750,99
722;90;92;2799,9916466288305;;1462,66;578,11;759,22
723;90;94;2843,227440458873;;1494,46;581,32;767,45
724;90;96;2884,4600237533036;;1526,26;582,53;775,68
725;90;98;2928,7216843152974;;1558,05;586,76;783,91
726;90;100;2969,9723724716196;;1589,85;587,98;792,14
727;90;102;3011,4524736092053;;1621,65;589,44;800,37
728;90;104;3055,350868772687;;1653,44;593,31;808,6
729;90;106;3096,8516898966755;;1685,24;594,78;816,83
730;90;108;3141,7471586551765;;1717,04;599,65;825,06
731;90;110;3179,919258066591;;1748,84;597,8;833,29
732;90;112;3224,9663109293306;;1780,63;602,82;841,52
733;90;114;3266,7133318310807;;1812,43;604,54;849,75
734;90;116;3311,103590263018;;1844,23;608,9;857,98
735;90;118;3352,886900798625;;1876,02;610,66;866,21
736;92;50;-1,0;Too much steel needed in x=185.6621656756757, area needed is 36.80008849638879cmˆ2, but the maximum is 36.800000000000004cmˆ2;;;
737;92;52;2042,934095009215;;845,09;594,99;602,85
738;92;54;2079,3176786040267;;877,6;590,64;611,08
739;92;56;2117,28971793751;;910,1;587,88;619,31
740;92;58;2155,889470238052;;942,6;585,75;627,54
741;92;60;2195,479644433824;;975,11;584,6;635,77
742;92;62;2234,930324067891;;1007,61;583,32;644,0
743;92;64;2273,3464459763154;;1040,12;581,0;652,23
744;92;66;2314,8144439761527;;1072,62;581,74;660,46
745;92;68;2353,5776429694747;;1105,12;579,77;668,69
746;92;70;2395,598097348321;;1137,63;581,05;676,92
747;92;72;2434,812998159142;;1170,13;579,54;685,15
748;92;74;2477,118330943132;;1202,63;581,11;693,38
749;92;76;2516,483909688236;;1235,14;579,74;701,61
750;92;78;2559,245269191798;;1267,64;581,77;709,84
751;92;80;2603,017873139352;;1300,14;584,81;718,07
752;92;82;2641,774955485458;;1332,65;582,83;726,3
753;92;84;2685,9634873089467;;1365,15;586,28;734,53
754;92;86;2724,663045988495;;1397,65;584,25;742,76
755;92;88;2769,127579047494;;1430,16;587,98;750,99
756;92;90;2810,976636328653;;1462,66;589,1;759,22
757;92;92;2854,6332052170465;;1495,17;592,02;767,45
758;92;94;2894,4664681455424;;1527,67;591,12;775,68
759;92;96;2938,627711073432;;1560,17;594,55;783,91
760;92;98;2983,6279355442175;;1592,68;598,81;792,14
761;92;100;3025,8851152828056;;1625,18;600,34;800,37
762;92;102;3067,763522171238;;1657,68;601,48;808,6
763;92;104;3110,1809358182118;;1690,19;603,17;816,83
764;92;106;3154,8452257986282;;1722,69;607,1;825,06
765;92;108;3197,1419689167865;;1755,19;608,66;833,29
766;92;110;3242,93706010633;;1787,7;613,72;841,52
767;92;112;3281,7768757656463;;1820,2;611,83;849,75
768;92;114;3327,6192121846348;;1852,71;616,94;857,98
769;92;116;3372,9607472042185;;1885,21;621,54;866,21
770;92;118;3415,387016603054;;1917,71;623,24;874,44
771;94;50;-1,0;Too much steel needed in x=188.6651685585586, area needed is 37.6029861876296cmˆ2, but the maximum is 37.6cmˆ2;;;
772;94;52;2080,852767977085;;863,47;606,31;611,08
773;94;54;2119,335461244932;;896,68;603,35;619,31
774;94;56;2156,609316421405;;929,89;599,19;627,54
775;94;58;2196,018564316716;;963,1;597,16;635,77
776;94;60;2234,9491707870557;;996,31;594,65;644,0
777;94;62;2274,7926973229496;;1029,52;593,05;652,23
778;94;64;2316,5736312181407;;1062,73;593,39;660,46
779;94;66;2356,2031278327813;;1095,94;591,58;668,69
780;94;68;2396,8238087607124;;1129,15;590,76;676,92
781;94;70;2438,4594201852833;;1162,36;590,95;685,15
782;94;72;2479,546467231212;;1195,57;590,6;693,38
783;94;74;2521,393100917356;;1228,78;591,01;701,61
784;94;76;2564,5133251263233;;1261,99;592,69;709,84
785;94;78;2604,9005338454463;;1295,2;591,64;718,07
786;94;80;2648,486012054738;;1328,41;593,78;726,3
787;94;82;2690,460853544663;;1361,62;594,32;734,53
788;94;84;2732,8617551267293;;1394,83;595,28;742,76
789;94;86;2777,909974472794;;1428,04;598,88;750,99
790;94;88;2817,450210054577;;1461,25;596,98;759,22
791;94;90;2862,768643505289;;1494,46;600,86;767,45
792;94;92;2905,4369179364944;;1527,67;602,09;775,68
793;94;94;2949,9154208388095;;1560,88;605,13;783,91
794;94;96;2992,6703823679063;;1594,09;606,44;792,14
795;94;98;3035,5595645511376;;1627,3;607,89;800,37
796;94;100;3081,4234513354513;;1660,51;612,32;808,6
797;94;102;3124,4284634531273;;1693,72;613,88;816,83
798;94;104;3167,14919482554;;1726,93;615,16;825,06
799;94;106;3210,269171897242;;1760,14;616,84;833,29
800;94;108;3255,955647910515;;1793,35;621,09;841,52
801;94;110;3302,3337243418864;;1826,56;626,03;849,75
802;94;112;3345,572126289281;;1859,77;627,82;857,98
803;94;114;3391,0892655050448;;1892,98;631,9;866,21
804;94;116;3431,804314969232;;1926,19;631,18;874,44
805;94;118;3478,0265647733786;;1959,4;635,96;882,67
806;96;50;-1,0;Too much steel needed in x=191.69169402402406, area needed is 38.40016643308391cmˆ2, but the maximum is 38.4cmˆ2;;;
807;96;52;2116,49461857886;;881,84;615,35;619,31
808;96;54;2155,75406093136;;915,75;612,46;627,54
809;96;56;2195,4535072709896;;949,67;610,02;635,77
810;96;58;2234,618950147125;;983,59;607,03;644,0
811;96;60;2275,0459561993666;;1017,5;605,31;652,23
812;96;62;2316,3990436108256;;1051,42;604,52;660,46
813;96;64;2357,4458946043096;;1085,34;603,42;668,69
814;96;66;2398,652402852572;;1119,25;602,48;676,92
815;96;68;2440,8356160550643;;1153,17;602,52;685,15
816;96;70;2482,4590201335272;;1187,09;601,99;693,38
817;96;72;2525,083515022002;;1221,0;602,47;701,61
818;96;74;2567,006584551745;;1254,92;602,25;709,84
819;96;76;2609,7715819112454;;1288,84;602,87;718,07
820;96;78;2652,0005793488867;;1322,76;602,95;726,3
821;96;80;2696,4683795579363;;1356,67;605,27;734,53
822;96;82;2739,5451117279754;;1390,59;606,2;742,76
823;96;84;2782,2705041068584;;1424,51;606,78;750,99
824;96;86;2825,5429772178168;;1458,42;607,9;759,22
825;96;88;2871,431172420877;;1492,34;611,64;767,45
826;96;90;2911,780245387733;;1526,26;609,85;775,68
827;96;92;2957,9610626301273;;1560,17;613,88;783,91
828;96;94;3003,4667577408436;;1594,09;617,24;792,14
829;96;96;3046,8526709697203;;1628,01;618,48;800,37
830;96;98;3090,3383292047856;;1661,92;619,82;808,6
831;96;100;3134,140190904366;;1695,84;621,47;816,83
832;96;102;3180,8382054534945;;1729,76;626,02;825,06
833;96;104;3224,6567917537486;;1763,67;627,7;833,29
834;96;106;3268,0879537537085;;1797,59;628,98;841,52
835;96;108;3314,6023996950357;;1831,51;633,35;849,75
836;96;110;3358,4689108522075;;1865,42;635,07;857,98
837;96;112;3405,803412564166;;1899,34;640,26;866,21
838;96;114;3449,7296304337037;;1933,26;642,03;874,44
839;96;116;3496,216663910802;;1967,17;646,37;882,67
840;96;118;3537,6037545249574;;2001,09;645,62;890,9
841;98;50;-1,0;Too much steel needed in x=195.17167480480484, area needed is 39.20986002456841cmˆ2, but the maximum is 39.2cmˆ2;;;
842;98;52;2153,7493931541676;;900,21;626,0;627,54
843;98;54;2192,8380216506444;;934,83;622,24;635,77
844;98;56;2233,2778854285275;;969,46;619,83;644,0
845;98;58;2273,9585119644207;;1004,08;617,65;652,23
846;98;60;2315,975154656877;;1038,7;616,82;660,46
847;98;62;2357,5516487872974;;1073,33;615,54;668,69
848;98;64;2397,419984604515;;1107,95;612,55;676,92
849;98;66;2441,8701202644365;;1142,57;614,15;685,15
850;98;68;2482,207582722068;;1177,2;611,63;693,38
851;98;70;2524,6062942511626;;1211,82;611,18;701,61
852;98;72;2569,792845375556;;1246,44;613,51;709,84
853;98;74;2613,1762114407857;;1281,07;614,04;718,07
854;98;76;2656,1119324470574;;1315,69;614,13;726,3
855;98;78;2699,680905179498;;1350,31;614,84;734,53
856;98;80;2742,8253006433615;;1384,94;615,13;742,76
857;98;82;2788,2326367741466;;1419,56;617,69;750,99
858;98;84;2831,9511341336483;;1454,18;618,55;759,22
859;98;86;2875,750346107224;;1488,81;619,5;767,45
860;98;88;2919,8822175909554;;1523,43;620,78;775,68
861;98;90;2966,5232505256427;;1558,05;624,56;783,91
862;98;92;3010,373497989671;;1592,68;625,56;792,14
863;98;94;3054,7207784213642;;1627,3;627,05;800,37
864;98;96;3101,106571296483;;1661,92;630,59;808,6
865;98;98;3145,3892648779006;;1696,55;632,02;816,83
866;98;100;3189,7217158394205;;1731,17;633,49;825,06
867;98;102;3234,204083963162;;1765,79;635,12;833,29
868;98;104;3281,773174943658;;1800,42;639,84;841,52
869;98;106;3328,697438701753;;1835,04;643,91;849,75
870;98;108;3373,074088923994;;1869,66;645,43;857,98
871;98;110;3417,969315891173;;1904,29;647,47;866,21
872;98;112;3462,6203197671857;;1938,91;649,27;874,44
873;98;114;3510,795746341644;;1973,53;654,59;882,67
874;98;116;3558,2844312181433;;2008,16;659,23;890,9
875;98;118;3602,908063819467;;2042,78;661,0;899,13
876;100;50;-1,0;Too much steel needed in x=198.6751781681682, area needed is 40.008623364551646cmˆ2, but the maximum is 40.0cmˆ2;;;
877;100;52;2190,244149010551;;918,58;635,9;635,77
878;100;54;2230,801290944957;;953,91;632,89;644,0
879;100;56;2272,6798662915094;;989,24;631,21;652,23
880;100;58;2314,1837877422613;;1024,57;629,16;660,46
881;100;60;2356,1908180298537;;1059,9;627,6;668,69
882;100;62;2396,6023491668325;;1095,23;624,45;676,92
883;100;64;2439,2763065129398;;1130,56;623,57;685,15
884;100;66;2482,506982944308;;1165,89;623,24;693,38
885;100;68;2525,417911964421;;1201,22;622,59;701,61
886;100;70;2571,2894797679974;;1236,55;624,9;709,84
887;100;72;2612,5960126960877;;1271,88;622,65;718,07
888;100;74;2658,6956148657214;;1307,21;625,19;726,3
889;100;76;2700,237431519535;;1342,54;623,17;734,53
890;100;78;2746,7685938198756;;1377,87;626,14;742,76
891;100;80;2792,410169931075;;1413,2;628,22;750,99
892;100;82;2835,354896617665;;1448,53;627,61;759,22
893;100;84;2881,5446659901163;;1483,86;630,24;767,45
894;100;86;2924,1522233230285;;1519,19;629,28;775,68
895;100;88;2970,8700220291644;;1554,52;632,44;783,91
896;100;90;3018,4424147611994;;1589,85;636,45;792,14
897;100;92;3063,388004590917;;1625,18;637,84;800,37
898;100;94;3108,0343190355175;;1660,51;638,93;808,6
899;100;96;3153,0920712843044;;1695,84;640,42;816,83
900;100;98;3200,33073316655;;1731,17;644,1;825,06
901;100;100;3248,537677152867;;1766,5;648,75;833,29
902;100;102;3290,5685570091728;;1801,83;647,22;841,52
903;100;104;3338,9432297548055;;1837,16;652,04;849,75
904;100;106;3384,3194727222717;;1872,49;653,85;857,98
905;100;108;3432,0470742383745;;1907,82;658,02;866,21
906;100;110;3480,899565441111;;1943,15;663,31;874,44
907;100;112;3522,849361211952;;1978,48;661,7;882,67
908;100;114;3571,715342813199;;2013,81;667,01;890,9
909;100;116;3617,3106828387686;;2049,14;669,04;899,13
910;100;118;3665,648221564897;;2084,47;673,82;907,36
911;102;50;-1,0;Too much steel needed in x=202.67918201201203, area needed is 40.81201361486611cmˆ2, but the maximum is 40.800000000000004cmˆ2;;;
912;102;52;2228,1999765927003;;936,95;647,25;644,0
913;102;54;2269,503056187188;;972,99;644,29;652,23
914;102;56;2311,4775516774353;;1009,02;642,0;660,46
915;102;58;2352,182370474496;;1045,06;638,43;668,69
916;102;60;2394,6558558472325;;1081,1;636,64;676,92
917;102;62;2436,6489286446185;;1117,13;634,37;685,15
918;102;64;2481,3416105660317;;1153,17;634,79;693,38
919;102;66;2525,193189271559;;1189,21;634,38;701,61
920;102;68;2569,1790718333095;;1225,24;634,1;709,84
921;102;70;2613,241836735583;;1261,28;633,89;718,07
922;102;72;2659,998032330355;;1297,32;636,38;726,3
923;102;74;2702,140587742262;;1333,35;634,26;734,53
924;102;76;2749,2820447747968;;1369,39;637,13;742,76
925;102;78;2791,7390543301126;;1405,43;635,32;750,99
926;102;80;2839,1774171145094;;1441,46;638,5;759,22
927;102;82;2883,937261467171;;1477,5;638,99;767,45
928;102;84;2929,446022722269;;1513,54;640,23;775,68
929;102;86;2976,534136826915;;1549,57;643,05;783,91
930;102;88;3019,9130877808257;;1585,61;642,17;792,14
931;102;90;3067,5399825130207;;1621,65;645,53;800,37
932;102;92;3115,9386769965895;;1657,68;649,66;808,6
933;102;94;3161,728897924722;;1693,72;651,18;816,83
934;102;96;3207,1567806305757;;1729,76;652,34;825,06
935;102;98;3253,1195511406077;;1765,79;654,04;833,29
936;102;100;3301,1860181927286;;1801,83;657,84;841,52
937;102;102;3350,1745905786165;;1837,87;662,56;849,75
938;102;104;3393,0441306955227;;1873,9;661,16;857,98
939;102;106;3442,216394434838;;1909,94;666,07;866,21
940;102;108;3490,8228580290433;;1945,98;670,41;874,44
941;102;110;3536,8935492581654;;1982,01;672,21;882,67
942;102;112;3586,5393889316047;;2018,05;677,59;890,9
943;102;114;3629,291616290494;;2054,09;676,08;899,13
944;102;116;3679,0609059639346;;2090,12;681,58;907,36
945;102;118;3728,2165093558906;;2126,16;686,47;915,59
946;104;50;-1,0;Too much steel needed in x=207.18368633633636, area needed is 41.6110968584975cmˆ2, but the maximum is 41.6cmˆ2;;;
947;104;52;2265,4095234031965;;955,32;657,86;652,23
948;104;54;2305,9712497300416;;992,07;653,45;660,46
949;104;56;2348,6806440827036;;1028,81;651,18;668,69
950;104;58;2391,6934933246525;;1065,55;649,22;676,92
951;104;60;2433,9282828276064;;1102,3;646,48;685,15
952;104;62;2479,1614811024524;;1139,04;646,74;693,38
953;104;64;2522,28871864482;;1175,78;644,9;701,61
954;104;66;2566,3141303961547;;1212,53;643,95;709,84
955;104;68;2612,585470709929;;1249,27;645,25;718,07
956;104;70;2656,0674877818374;;1286,01;643,76;726,3
957;104;72;2702,757166382841;;1322,76;645,47;734,53
958;104;74;2747,8336536897773;;1359,5;645,58;742,76
959;104;76;2793,383941415821;;1396,24;646,15;750,99
960;104;78;2838,799453251892;;1432,98;646,6;759,22
961;104;80;2884,826158990562;;1469,73;647,65;767,45
962;104;82;2933,1646170627528;;1506,47;651,02;775,68
963;104;84;2978,8436076900994;;1543,21;651,72;783,91
964;104;86;3025,0836019382405;;1579,96;652,99;792,14
965;104;88;3073,018942905543;;1616,7;655,95;800,37
966;104;90;3119,2630359247623;;1653,44;657,22;808,6
967;104;92;3165,7428035588678;;1690,19;658,73;816,83
968;104;94;3214,986293899029;;1726,93;663,0;825,06
969;104;96;3261,516768330232;;1763,67;664,56;833,29
970;104;98;3307,902228800895;;1800,42;665,97;841,52
971;104;100;3356,8107320101885;;1837,16;669,9;849,75
972;104;102;3403,54862461791;;1873,9;671,67;857,98
973;104;104;3453,4186754409075;;1910,65;676,56;866,21
974;104;106;3500,0678824348797;;1947,39;678,24;874,44
975;104;108;3547,045816983602;;1984,13;680,25;882,67
976;104;110;3596,4947286304136;;2020,88;684,72;890,9
977;104;112;3643,3679124088994;;2057,62;686,62;899,13
978;104;114;3693,802858030058;;2094,36;692,08;907,36
979;104;116;3740,787158420757;;2131,11;694,09;915,59
980;104;118;3787,783297101721;;2167,85;696,12;923,82
981;106;50;-1,0;Too much steel needed in x=212.68919162162166, area needed is 42.405838432872734cmˆ2, but the maximum is 42.4cmˆ2;;;
982;106;52;2301,1688927106993;;973,69;667,02;660,46
983;106;54;2343,987903141784;;1011,14;664,16;668,69
984;106;56;2386,3889459915354;;1048,59;660,88;676,92
985;106;58;2431,408410082989;;1086,04;660,22;685,15
986;106;60;2475,7960220697555;;1123,49;658,92;693,38
987;106;62;2519,3642587363547;;1160,94;656,81;701,61
988;106;64;2563,830586409834;;1198,39;655,6;709,84
989;106;66;2609,614230187106;;1235,84;655,7;718,07
990;106;68;2654,690846827726;;1273,29;655,1;726,3
991;106;70;2701,621952984493;;1310,74;656,35;734,53
992;106;72;2746,274794318138;;1348,19;655,32;742,76
993;106;74;2793,6118398865233;;1385,64;656,98;750,99
994;106;76;2839,959864004159;;1423,09;657,65;759,22
995;106;78;2886,384524148057;;1460,54;658,39;767,45
996;106;80;2932,719820696736;;1497,99;659,05;775,68
997;106;82;2981,9019847486134;;1535,44;662,55;783,91
998;106;84;3028,6411385794677;;1572,89;663,61;792,14
999;106;86;3075,3425014156196;;1610,34;664,63;800,37
1000;106;88;3122,4875139250053;;1647,79;666,1;808,6
1001;106;90;3171,142348042438;;1685,24;669,07;816,83
1002;106;92;3218,320003676586;;1722,69;670,57;825,06
1003;106;94;3265,571865153922;;1760,14;672,14;833,29
1004;106;96;3315,671521310688;;1797,59;676,56;841,52
1005;106;98;3364,9214849972395;;1835,04;680,13;849,75
1006;106;100;3410,1725467617675;;1872,49;679,71;857,98
1007;106;102;3460,083979069308;;1909,94;683,94;866,21
1008;106;104;3510,6053708276454;;1947,39;688,78;874,44
1009;106;106;3558,249208461347;;1984,84;690,74;882,67
1010;106;108;3605,653540029614;;2022,29;692,47;890,9
1011;106;110;3653,4375506179877;;2059,74;694,57;899,13
1012;106;112;3703,7415151407317;;2097,19;699,2;907,36
1013;106;114;3754,9238812455405;;2134,64;704,7;915,59
1014;106;116;3802,6211021736704;;2172,09;706,72;923,82
1015;106;118;3852,9450856375743;;2209,54;711,36;932,05
1016;108;50;-1,0;Too much steel needed in x=222.69920123123126, area needed is 43.2002817744152cmˆ2, but the maximum is 43.2cmˆ2;;;
1017;108;52;2338,9187643451282;;992,07;678,16;668,69
1018;108;54;2382,4652175082488;;1030,22;675,32;676,92
1019;108;56;2426,577925547461;;1068,38;673,05;685,15
1020;108;58;2470,2582084755513;;1106,54;670,35;693,38
1021;108;60;2515,160222645144;;1144,69;668,86;701,61
1022;108;62;2560,2382463182994;;1182,85;667,55;709,84
1023;108;64;2606,4218207758895;;1221,0;667,35;718,07
1024;108;66;2651,988907651537;;1259,16;666,53;726,3
1025;108;68;2698,0471995859425;;1297,32;666,2;734,53
1026;108;70;2744,8072859389695;;1335,47;666,58;742,76
1027;108;72;2791,1673439913716;;1373,63;666,55;750,99
1028;108;74;2838,1544769844118;;1411,79;667,15;759,22
1029;108;76;2884,799742958311;;1449,94;667,41;767,45
1030;108;78;2933,6452162783153;;1488,1;669,87;775,68
1031;108;80;2980,752091389436;;1526,26;670,59;783,91
1032;108;82;3028,217762422094;;1564,41;671,67;792,14
1033;108;84;3078,152288056848;;1602,57;675,22;800,37
1034;108;86;3122,9582440958957;;1640,73;673,64;808,6
1035;108;88;3173,4222843569023;;1678,88;677,71;816,83
1036;108;90;3223,0355603965627;;1717,04;680,94;825,06
1037;108;92;3270,8791409449545;;1755,19;682,4;833,29
1038;108;94;3318,8667040693076;;1793,35;684,0;841,52
1039;108;96;3369,7745369324543;;1831,51;688,52;849,75
1040;108;98;3417,975163258287;;1869,66;690,33;857,98
1041;108;100;3468,0265081995276;;1907,82;694,0;866,21
1042;108;102;3516,4176621085207;;1945,98;696,0;874,44
1043;108;104;3564,7104319122614;;1984,13;697,91;882,67
1044;108;106;3616,232755075989;;2022,29;703,05;890,9
1045;108;108;3664,5089246706757;;2060,45;704,94;899,13
1046;108;110;3712,760647036776;;2098,6;706,8;907,36
1047;108;112;3763,9566954810953;;2136,76;711,61;915,59
1048;108;114;3812,5390813104855;;2174,91;713,81;923,82
1049;108;116;3864,503509128065;;2213,07;719,38;932,05
1050;108;118;3915,8111853503883;;2251,23;724,31;940,28
1051;110;50;-1,0;Displacement too big between x=0.0cm and x=500.0cm. Maximum allowed is 2.0cm, but the beam lement reached 2.011023137823133cm;;;
1052;110;52;2376,210693534714;;1010,44;688,86;676,92
1053;110;54;2419,7202449858723;;1049,3;685,27;685,15
1054;110;56;2464,590795286251;;1088,16;683,05;693,38
1055;110;58;2509,838121155424;;1127,03;681,2;701,61
1056;110;60;2553,6617560441005;;1165,89;677,93;709,84
1057;110;62;2601,815552331977;;1204,75;679,0;718,07
1058;110;64;2648,125940736921;;1243,62;678,21;726,3
1059;110;66;2692,780319259786;;1282,48;675,77;734,53
1060;110;68;2741,7894097958015;;1321,34;677,69;742,76
1061;110;70;2788,850836776174;;1360,21;677,66;750,99
1062;110;72;2836,391914736841;;1399,07;678,11;759,22
1063;110;74;2883,6943516124884;;1437,93;678,32;767,45
1064;110;76;2932,8768155212765;;1476,79;680,41;775,68
1065;110;78;2979,2016210894617;;1515,66;679,64;783,91
1066;110;80;3028,7519224360976;;1554,52;682,09;792,14
1067;110;82;3076,815325390168;;1593,38;683,06;800,37
1068;110;84;3125,2303984747396;;1632,25;684,39;808,6
1069;110;86;3176,0954403441965;;1671,11;688,16;816,83
1070;110;88;3224,339549232794;;1709,97;689,31;825,06
1071;110;90;3273,052762932532;;1748,84;690,93;833,29
1072;110;92;3323,601909847554;;1787,7;694,39;841,52
1073;110;94;3375,2930005662347;;1826,56;698,98;849,75
1074;110;96;3421,0085460828686;;1865,42;697,61;857,98
1075;110;98;3472,777405951754;;1904,29;702,28;866,21
1076;110;100;3523,972760761887;;1943,15;706,39;874,44
1077;110;102;3572,5966714162287;;1982,01;707,92;882,67
1078;110;104;3621,933953219927;;2020,88;710,16;890,9
1079;110;106;3670,9500871678842;;2059,74;712,08;899,13
1080;110;108;3723,3508201477334;;2098,6;717,39;907,36
1081;110;110;3774,936233331452;;2137,47;721,88;915,59
1082;110;112;3823,7519109587556;;2176,33;723,61;923,82
1083;110;114;3873,486152853583;;2215,19;726,25;932,05
1084;110;116;3926,1985778084263;;2254,05;731,87;940,28
1085;110;118;3975,50556346835;;2292,92;734,08;948,51
1086;112;50;2369,3465474568993;;989,24;703,19;676,92
1087;112;52;2412,587930685371;;1028,81;698,63;685,15
1088;112;54;2457,516648855287;;1068,38;695,76;693,38
1089;112;56;2501,7321009072043;;1107,95;692,18;701,61
1090;112;58;2547,681000829065;;1147,52;690,33;709,84
1091;112;60;2596,2779801099796;;1187,09;691,12;718,07
1092;112;62;2641,0939583842182;;1226,66;688,14;726,3
1093;112;64;2688,105055861438;;1266,23;687,35;734,53
1094;112;66;2737,792448358039;;1305,8;689,24;742,76
1095;112;68;2783,1712627762545;;1345,37;686,82;750,99
1096;112;70;2830,959679403683;;1384,94;686,81;759,22
1097;112;72;2881,2986748025996;;1424,51;689,35;767,45
1098;112;74;2927,221831259744;;1464,08;687,47;775,68
1099;112;76;2978,0904220179987;;1503,64;690,54;783,91
1100;112;78;3026,3047558086696;;1543,21;690,95;792,14
1101;112;80;3075,333789494813;;1582,78;692,18;800,37
1102;112;82;3125,744580737124;;1622,35;694,79;808,6
1103;112;84;3174,7927482007444;;1661,92;696,04;816,83
1104;112;86;3223,9034640437376;;1701,49;697,35;825,06
1105;112;88;3275,688187651941;;1741,06;701,34;833,29
1106;112;90;3324,6459811420273;;1780,63;702,5;841,52
1107;112;92;3374,171739285765;;1820,2;704,22;849,75
1108;112;94;3425,620219482027;;1859,77;707,87;857,98
1109;112;96;3475,1015122790054;;1899,34;709,55;866,21
1110;112;98;3524,799243351036;;1938,91;711,45;874,44
1111;112;100;3577,397122658338;;1978,48;716,25;882,67
1112;112;102;3629,406298788315;;2018,05;720,46;890,9
1113;112;104;3678,881514070119;;2057,62;722,13;899,13
1114;112;106;3728,9166636905875;;2097,19;724,37;907,36
1115;112;108;3781,9715178999613;;2136,76;729,63;915,59
1116;112;110;3831,9166020569673;;2176,33;731,77;923,82
1117;112;112;3884,418341677637;;2215,9;736,47;932,05
1118;112;114;3937,9264637301653;;2255,47;742,18;940,28
1119;112;116;3984,4604652132907;;2295,04;740,92;948,51
1120;112;118;4038,026274867546;;2334,61;746,68;956,74
1121;114;50;-1,0;Displacement too big between x=0.0cm and x=500.0cm. Maximum allowed is 2.0cm, but the beam lement reached 2.002406814040117cm;;;
1122;114;52;2450,5397216922493;;1047,18;709,98;693,38
1123;114;54;2496,3377863327078;;1087,46;707,27;701,61
1124;114;56;2542,460932018811;;1127,73;704,89;709,84
1125;114;58;2587,565213195364;;1168,01;701,49;718,07
1126;114;60;2634,7659613261103;;1208,29;700,18;726,3
1127;114;62;2682,22967420184;;1248,56;699,14;734,53
1128;114;64;2728,7768835217253;;1288,84;697,18;742,76
1129;114;66;2778,3135222930086;;1329,11;698,21;750,99
1130;114;68;2826,5974342797763;;1369,39;697,99;759,22
1131;114;70;2875,4185406851666;;1409,67;698,3;767,45
1132;114;72;2924,0286870247974;;1449,94;698,41;775,68
1133;114;74;2975,280279560975;;1490,22;701,15;783,91
1134;114;76;3022,33348098575;;1530,5;699,7;792,14
1135;114;78;3074,0046483184615;;1570,77;702,87;800,37
1136;114;80;3123,070615429945;;1611,05;703,43;808,6
1137;114;82;3174,6326255342674;;1651,32;706,48;816,83
1138;114;84;3224,1822810243143;;1691,6;707,52;825,06
1139;114;86;3274,2069734427714;;1731,88;709,04;833,29
1140;114;88;3326,8079073643485;;1772,15;713,14;841,52
1141;114;90;3376,8897523319783;;1812,43;714,71;849,75
1142;114;92;3426,779132984899;;1852,71;716,1;857,98
1143;114;94;3479,089174004969;;1892,98;719,9;866,21
1144;114;96;3529,3269073841375;;1933,26;721,63;874,44
1145;114;98;3579,569151429826;;1973,53;723,37;882,67
1146;114;100;3633,005854932902;;2013,81;728,3;890,9
1147;114;102;3683,554603128591;;2054,09;730,34;899,13
1148;114;104;3736,282075442936;;2094,36;734,56;907,36
1149;114;106;3790,1624908150634;;2134,64;739,94;915,59
1150;114;108;3837,510497324975;;2174,91;738,78;923,82
1151;114;110;3891,354457482065;;2215,19;744,12;932,05
1152;114;112;3944,7776911814035;;2255,47;749,03;940,28
1153;114;114;3995,415782789045;;2295,74;751,16;948,51
1154;114;116;4049,7541195997414;;2336,02;757,0;956,74
1155;114;118;4100,591474265773;;2376,3;759,33;964,97
1156;116;50;-1,0;Displacement too big between x=0.0cm and x=500.0cm. Maximum allowed is 2.0cm, but the beam lement reached 2.0062714751513826cm;;;
1157;116;52;2487,800551130458;;1065,55;720,64;701,61
1158;116;54;2532,739991757805;;1106,54;716,37;709,84
1159;116;56;2579,915537652956;;1147,52;714,33;718,07
1160;116;58;2627,2139157049537;;1188,5;712,42;726,3
1161;116;60;2674,01309710375;;1229,48;710,0;734,53
1162;116;62;2722,048426084287;;1270,47;708,82;742,76
1163;116;64;2772,134684921126;;1311,45;709,7;750,99
1164;116;66;2819,6970162671514;;1352,43;708,05;759,22
1165;116;68;2868,499531770186;;1393,42;707,64;767,45
1166;116;70;2919,545751600308;;1434,4;709,47;775,68
1167;116;72;2968,93828916906;;1475,38;709,65;783,91
1168;116;74;3018,8342037181887;;1516,36;710,33;792,14
1169;116;76;3068,5798740577397;;1557,35;710,87;800,37
1170;116;78;3121,1139614691974;;1598,33;714,19;808,6
1171;116;80;3171,578190371594;;1639,31;715,44;816,83
1172;116;82;3221,5413497310574;;1680,29;716,19;825,06
1173;116;84;3273,9778549988587;;1721,28;719,41;833,29
1174;116;86;3322,36162031923;;1762,26;718,58;841,52
1175;116;88;3375,2195119004873;;1803,24;722,23;849,75
1176;116;90;3428,7605583974128;;1844,23;726,56;857,98
1177;116;92;3481,2440625803983;;1885,21;729,83;866,21
1178;116;94;3530,339406893484;;1926,19;729,71;874,44
1179;116;96;3583,5080019006905;;1967,17;733,67;882,67
1180;116;98;3637,597591769986;;2008,16;738,54;890,9
1181;116;100;3685,6322213512776;;2049,14;737,36;899,13
1182;116;102;3739,865238149193;;2090,12;742,38;907,36
1183;116;104;3793,5877740049714;;2131,11;746,89;915,59
1184;116;106;3844,8386317174163;;2172,09;748,93;923,82
1185;116;108;3899,553874253594;;2213,07;754,44;932,05
1186;116;110;3950,82468953439;;2254,05;756,49;940,28
1187;116;112;4002,3566353909796;;2295,04;758,81;948,51
1188;116;114;4056,577997194067;;2336,02;763,82;956,74
1189;116;116;4111,6458353909775;;2377,0;769,68;964,97
1190;116;118;4165,908345548069;;2417,99;774,73;973,2
1191;118;50;2478,8800806082436;;1042,24;735,04;701,61
1192;118;52;2523,580516032733;;1083,92;729,82;709,84
1193;118;54;2570,8785291438926;;1125,61;727,2;718,07
1194;118;56;2617,5501893659302;;1167,3;723,95;726,3
1195;118;58;2665,7889683200833;;1208,99;722,27;734,53
1196;118;60;2714,2629082543253;;1250,68;720,82;742,76
1197;118;62;2763,775915757723;;1292,37;720,42;750,99
1198;118;64;2812,9250610257313;;1334,06;719,65;759,22
1199;118;66;2862,262080031841;;1375,75;719,06;767,45
1200;118;68;2913,6852879665275;;1417,44;720,57;775,68
1201;118;70;2962,409834136688;;1459,13;719,37;783,91
1202;118;72;3014,0833196139483;;1500,82;721,13;792,14
1203;118;74;3064,5890564500187;;1542,51;721,71;800,37
1204;118;76;3115,4263200837986;;1584,2;722,63;808,6
1205;118;78;3166,0957499269116;;1625,89;723,38;816,83
1206;118;80;3219,5367906851684;;1667,58;726,9;825,06
1207;118;82;3270,225620803287;;1709,27;727,67;833,29
1208;118;84;3321,7005240841218;;1750,95;729,23;841,52
1209;118;86;3374,7762613844634;;1792,64;732,38;849,75
1210;118;88;3426,1577834435857;;1834,33;733,85;857,98
1211;118;90;3477,9091624626817;;1876,02;735,68;866,21
1212;118;92;3532,239067770064;;1917,71;740,09;874,44
1213;118;94;3583,649238802722;;1959,4;741,58;882,67
1214;118;96;3635,5787691816486;;2001,09;743,59;890,9
1215;118;98;3689,5419903584007;;2042,78;747,63;899,13
1216;118;100;3744,4781480576585;;2084,47;752,65;907,36
1217;118;102;3796,262746855126;;2126,16;754,52;915,59
1218;118;104;3848,475672815628;;2167,85;756,81;923,82
1219;118;106;3902,915167018607;;2209,54;761,33;932,05
1220;118;108;3958,3177122536363;;2251,23;766,81;940,28
1221;118;110;4010,386838933632;;2292,92;768,96;948,51
1222;118;112;4062,552004383894;;2334,61;771,21;956,74
1223;118;114;4117,60057163948;;2376,3;776,34;964,97
1224;118;116;4173,455168803127;;2417,99;782,27;973,2
1225;118;118;4225,780258828698;;2459,67;784,68;981,43
